local_plan_position_x,local_plan_position_y,local_plan_orientation_z,local_plan_orientation_w,ID
-1.081190,1.928979,0.000000,0.000000,0
-1.168697,1.677107,0.000000,0.000000,0
-1.222968,1.543827,0.000000,0.000000,0
-1.273750,1.450546,0.000000,0.000000,0
-1.317653,1.384980,0.000000,0.000000,0
-1.349040,1.341227,0.000000,0.000000,0
-1.367379,1.314212,0.000000,0.000000,0
-1.368057,1.313004,0.000000,0.000000,0
-1.373205,1.301052,0.000000,0.000000,0
-1.378142,1.284233,0.000000,0.000000,0
-1.383104,1.255245,0.000000,0.000000,0
-1.384426,1.212688,0.000000,0.000000,0
-1.376649,1.150450,0.000000,0.000000,0
-1.361063,1.093724,0.000000,0.000000,0
-1.318877,0.999196,0.000000,0.000000,0
-1.272899,0.928011,0.000000,0.000000,0
-1.193948,0.833996,0.000000,0.000000,0
-1.100707,0.741880,0.000000,0.000000,0
-1.003247,0.649454,0.000000,0.000000,0
-0.926260,0.567866,0.000000,0.000000,0
-0.878305,0.503178,0.000000,0.000000,0
-0.847755,0.446476,0.000000,0.000000,0
-0.831615,0.402283,0.000000,0.000000,0
-0.824374,0.371567,0.000000,0.000000,0
-1.081190,1.928979,0.000000,0.000000,80
-1.124278,1.769245,0.000000,0.000000,80
-1.152001,1.639624,0.000000,0.000000,80
-1.191213,1.506328,0.000000,0.000000,80
-1.249947,1.350880,0.000000,0.000000,80
-1.269473,1.283626,0.000000,0.000000,80
-1.289460,1.096264,0.000000,0.000000,80
-1.289071,1.083722,0.000000,0.000000,80
-1.281488,1.049168,0.000000,0.000000,80
-1.278491,1.043170,0.000000,0.000000,80
-1.278853,1.044081,0.000000,0.000000,80
-1.281415,1.046554,0.000000,0.000000,80
-1.282960,1.048824,0.000000,0.000000,80
-1.283720,1.050073,0.000000,0.000000,80
-1.284382,1.051204,0.000000,0.000000,80
-1.256334,1.030239,0.000000,0.000000,80
-1.220969,1.005259,0.000000,0.000000,80
-0.824374,0.371567,0.000000,0.000000,80
-1.081190,1.928979,0.000000,0.000000,81
-1.231216,1.540442,0.000000,0.000000,81
-1.289157,1.432200,0.000000,0.000000,81
-1.330882,1.373049,0.000000,0.000000,81
-1.356803,1.339455,0.000000,0.000000,81
-1.391271,1.293874,0.000000,0.000000,81
-1.385754,1.301554,0.000000,0.000000,81
-1.377702,1.315388,0.000000,0.000000,81
-1.374768,1.321146,0.000000,0.000000,81
-1.384162,1.292406,0.000000,0.000000,81
-1.388802,1.269624,0.000000,0.000000,81
-1.398562,1.193001,0.000000,0.000000,81
-1.398263,1.167370,0.000000,0.000000,81
-1.395488,1.140397,0.000000,0.000000,81
-1.387809,1.099943,0.000000,0.000000,81
-1.379887,1.079305,0.000000,0.000000,81
-1.366318,1.055060,0.000000,0.000000,81
-1.344862,1.024067,0.000000,0.000000,81
-1.344916,1.024838,0.000000,0.000000,81
-1.344761,1.025409,0.000000,0.000000,81
-1.344332,1.025818,0.000000,0.000000,81
-1.336188,1.020772,0.000000,0.000000,81
-1.340178,1.024553,0.000000,0.000000,81
-1.330265,1.019212,0.000000,0.000000,81
-1.273141,0.985015,0.000000,0.000000,81
-1.232932,0.961282,0.000000,0.000000,81
-0.824374,0.371567,0.000000,0.000000,81
-1.081190,1.928979,0.000000,0.000000,82
-1.124278,1.769245,0.000000,0.000000,82
-1.152001,1.639624,0.000000,0.000000,82
-1.191213,1.506328,0.000000,0.000000,82
-1.249947,1.350880,0.000000,0.000000,82
-1.269473,1.283626,0.000000,0.000000,82
-1.289460,1.096264,0.000000,0.000000,82
-1.289071,1.083722,0.000000,0.000000,82
-1.281488,1.049168,0.000000,0.000000,82
-1.278491,1.043170,0.000000,0.000000,82
-1.278853,1.044081,0.000000,0.000000,82
-1.281415,1.046554,0.000000,0.000000,82
-1.282960,1.048824,0.000000,0.000000,82
-1.283720,1.050073,0.000000,0.000000,82
-1.284382,1.051204,0.000000,0.000000,82
-1.256334,1.030239,0.000000,0.000000,82
-1.220969,1.005259,0.000000,0.000000,82
-0.824374,0.371567,0.000000,0.000000,82
-1.081190,1.928979,0.000000,0.000000,83
-1.231216,1.540442,0.000000,0.000000,83
-1.289157,1.432200,0.000000,0.000000,83
-1.330882,1.373049,0.000000,0.000000,83
-1.356803,1.339455,0.000000,0.000000,83
-1.391271,1.293874,0.000000,0.000000,83
-1.385754,1.301554,0.000000,0.000000,83
-1.377702,1.315388,0.000000,0.000000,83
-1.374768,1.321146,0.000000,0.000000,83
-1.384162,1.292406,0.000000,0.000000,83
-1.388802,1.269624,0.000000,0.000000,83
-1.398562,1.193001,0.000000,0.000000,83
-1.398263,1.167370,0.000000,0.000000,83
-1.395488,1.140397,0.000000,0.000000,83
-1.387809,1.099943,0.000000,0.000000,83
-1.379887,1.079305,0.000000,0.000000,83
-1.366318,1.055060,0.000000,0.000000,83
-1.344862,1.024067,0.000000,0.000000,83
-1.344916,1.024838,0.000000,0.000000,83
-1.344761,1.025409,0.000000,0.000000,83
-1.344332,1.025818,0.000000,0.000000,83
-1.336188,1.020772,0.000000,0.000000,83
-1.340178,1.024553,0.000000,0.000000,83
-1.330265,1.019212,0.000000,0.000000,83
-1.273141,0.985015,0.000000,0.000000,83
-1.232932,0.961282,0.000000,0.000000,83
-0.824374,0.371567,0.000000,0.000000,83
-1.081190,1.928979,0.000000,0.000000,84
-1.114456,1.812746,0.000000,0.000000,84
-1.139517,1.688205,0.000000,0.000000,84
-1.157001,1.602094,0.000000,0.000000,84
-1.179107,1.522565,0.000000,0.000000,84
-1.207734,1.440232,0.000000,0.000000,84
-1.233402,1.363609,0.000000,0.000000,84
-1.254083,1.281036,0.000000,0.000000,84
-1.263061,1.214936,0.000000,0.000000,84
-1.264155,1.168329,0.000000,0.000000,84
-1.259621,1.099788,0.000000,0.000000,84
-1.258745,1.095047,0.000000,0.000000,84
-1.258676,1.094931,0.000000,0.000000,84
-1.258686,1.095025,0.000000,0.000000,84
-1.258771,1.095336,0.000000,0.000000,84
-1.258864,1.095687,0.000000,0.000000,84
-1.264176,1.103168,0.000000,0.000000,84
-1.253743,1.090467,0.000000,0.000000,84
-1.236954,1.073002,0.000000,0.000000,84
-1.211036,1.049446,0.000000,0.000000,84
-1.164506,1.014435,0.000000,0.000000,84
-0.824374,0.371567,0.000000,0.000000,84
-1.081190,1.928979,0.000000,0.000000,85
-1.231216,1.540442,0.000000,0.000000,85
-1.289157,1.432200,0.000000,0.000000,85
-1.330882,1.373049,0.000000,0.000000,85
-1.356803,1.339455,0.000000,0.000000,85
-1.391271,1.293874,0.000000,0.000000,85
-1.385754,1.301554,0.000000,0.000000,85
-1.377702,1.315388,0.000000,0.000000,85
-1.374768,1.321146,0.000000,0.000000,85
-1.384162,1.292406,0.000000,0.000000,85
-1.388802,1.269624,0.000000,0.000000,85
-1.398562,1.193001,0.000000,0.000000,85
-1.398263,1.167370,0.000000,0.000000,85
-1.395488,1.140397,0.000000,0.000000,85
-1.387809,1.099943,0.000000,0.000000,85
-1.379887,1.079305,0.000000,0.000000,85
-1.366318,1.055060,0.000000,0.000000,85
-1.344862,1.024067,0.000000,0.000000,85
-1.344916,1.024838,0.000000,0.000000,85
-1.344761,1.025409,0.000000,0.000000,85
-1.344332,1.025818,0.000000,0.000000,85
-1.336188,1.020772,0.000000,0.000000,85
-1.340178,1.024553,0.000000,0.000000,85
-1.330265,1.019212,0.000000,0.000000,85
-1.273141,0.985015,0.000000,0.000000,85
-1.232932,0.961282,0.000000,0.000000,85
-0.824374,0.371567,0.000000,0.000000,85
-1.081190,1.928979,0.000000,0.000000,86
-1.114456,1.812746,0.000000,0.000000,86
-1.139517,1.688205,0.000000,0.000000,86
-1.157001,1.602094,0.000000,0.000000,86
-1.179107,1.522565,0.000000,0.000000,86
-1.207734,1.440232,0.000000,0.000000,86
-1.233402,1.363609,0.000000,0.000000,86
-1.254083,1.281036,0.000000,0.000000,86
-1.263061,1.214936,0.000000,0.000000,86
-1.264155,1.168329,0.000000,0.000000,86
-1.259621,1.099788,0.000000,0.000000,86
-1.258745,1.095047,0.000000,0.000000,86
-1.258676,1.094931,0.000000,0.000000,86
-1.258686,1.095025,0.000000,0.000000,86
-1.258771,1.095336,0.000000,0.000000,86
-1.258864,1.095687,0.000000,0.000000,86
-1.264176,1.103168,0.000000,0.000000,86
-1.253743,1.090467,0.000000,0.000000,86
-1.236954,1.073002,0.000000,0.000000,86
-1.211036,1.049446,0.000000,0.000000,86
-1.164506,1.014435,0.000000,0.000000,86
-0.824374,0.371567,0.000000,0.000000,86
-1.081190,1.928979,0.000000,0.000000,87
-1.231216,1.540442,0.000000,0.000000,87
-1.289157,1.432200,0.000000,0.000000,87
-1.330882,1.373049,0.000000,0.000000,87
-1.356803,1.339455,0.000000,0.000000,87
-1.391271,1.293874,0.000000,0.000000,87
-1.385754,1.301554,0.000000,0.000000,87
-1.377702,1.315388,0.000000,0.000000,87
-1.374768,1.321146,0.000000,0.000000,87
-1.384162,1.292406,0.000000,0.000000,87
-1.388802,1.269624,0.000000,0.000000,87
-1.398562,1.193001,0.000000,0.000000,87
-1.398263,1.167370,0.000000,0.000000,87
-1.395488,1.140397,0.000000,0.000000,87
-1.387809,1.099943,0.000000,0.000000,87
-1.379887,1.079305,0.000000,0.000000,87
-1.366318,1.055060,0.000000,0.000000,87
-1.344862,1.024067,0.000000,0.000000,87
-1.344916,1.024838,0.000000,0.000000,87
-1.344761,1.025409,0.000000,0.000000,87
-1.344332,1.025818,0.000000,0.000000,87
-1.336188,1.020772,0.000000,0.000000,87
-1.340178,1.024553,0.000000,0.000000,87
-1.330265,1.019212,0.000000,0.000000,87
-1.273141,0.985015,0.000000,0.000000,87
-1.232932,0.961282,0.000000,0.000000,87
-0.824374,0.371567,0.000000,0.000000,87
-1.081190,1.928979,0.000000,0.000000,88
-1.124278,1.769245,0.000000,0.000000,88
-1.152001,1.639624,0.000000,0.000000,88
-1.191213,1.506328,0.000000,0.000000,88
-1.249947,1.350880,0.000000,0.000000,88
-1.269473,1.283626,0.000000,0.000000,88
-1.289460,1.096264,0.000000,0.000000,88
-1.289071,1.083722,0.000000,0.000000,88
-1.281488,1.049168,0.000000,0.000000,88
-1.278491,1.043170,0.000000,0.000000,88
-1.278853,1.044081,0.000000,0.000000,88
-1.281415,1.046554,0.000000,0.000000,88
-1.282960,1.048824,0.000000,0.000000,88
-1.283720,1.050073,0.000000,0.000000,88
-1.284382,1.051204,0.000000,0.000000,88
-1.256334,1.030239,0.000000,0.000000,88
-1.220969,1.005259,0.000000,0.000000,88
-0.824374,0.371567,0.000000,0.000000,88
-1.081190,1.928979,0.000000,0.000000,89
-1.231216,1.540442,0.000000,0.000000,89
-1.289157,1.432200,0.000000,0.000000,89
-1.330882,1.373049,0.000000,0.000000,89
-1.356803,1.339455,0.000000,0.000000,89
-1.391271,1.293874,0.000000,0.000000,89
-1.385754,1.301554,0.000000,0.000000,89
-1.377702,1.315388,0.000000,0.000000,89
-1.374768,1.321146,0.000000,0.000000,89
-1.384162,1.292406,0.000000,0.000000,89
-1.388802,1.269624,0.000000,0.000000,89
-1.398562,1.193001,0.000000,0.000000,89
-1.398263,1.167370,0.000000,0.000000,89
-1.395488,1.140397,0.000000,0.000000,89
-1.387809,1.099943,0.000000,0.000000,89
-1.379887,1.079305,0.000000,0.000000,89
-1.366318,1.055060,0.000000,0.000000,89
-1.344862,1.024067,0.000000,0.000000,89
-1.344916,1.024838,0.000000,0.000000,89
-1.344761,1.025409,0.000000,0.000000,89
-1.344332,1.025818,0.000000,0.000000,89
-1.336188,1.020772,0.000000,0.000000,89
-1.340178,1.024553,0.000000,0.000000,89
-1.330265,1.019212,0.000000,0.000000,89
-1.273141,0.985015,0.000000,0.000000,89
-1.232932,0.961282,0.000000,0.000000,89
-0.824374,0.371567,0.000000,0.000000,89
-1.081190,1.928979,0.000000,0.000000,90
-1.124278,1.769245,0.000000,0.000000,90
-1.152001,1.639624,0.000000,0.000000,90
-1.191213,1.506328,0.000000,0.000000,90
-1.249947,1.350880,0.000000,0.000000,90
-1.269473,1.283626,0.000000,0.000000,90
-1.289460,1.096264,0.000000,0.000000,90
-1.289071,1.083722,0.000000,0.000000,90
-1.281488,1.049168,0.000000,0.000000,90
-1.278491,1.043170,0.000000,0.000000,90
-1.278853,1.044081,0.000000,0.000000,90
-1.281415,1.046554,0.000000,0.000000,90
-1.282960,1.048824,0.000000,0.000000,90
-1.283720,1.050073,0.000000,0.000000,90
-1.284382,1.051204,0.000000,0.000000,90
-1.256334,1.030239,0.000000,0.000000,90
-1.220969,1.005259,0.000000,0.000000,90
-0.824374,0.371567,0.000000,0.000000,90
-1.081190,1.928979,0.000000,0.000000,91
-1.231216,1.540442,0.000000,0.000000,91
-1.289157,1.432200,0.000000,0.000000,91
-1.330882,1.373049,0.000000,0.000000,91
-1.356803,1.339455,0.000000,0.000000,91
-1.391271,1.293874,0.000000,0.000000,91
-1.385754,1.301554,0.000000,0.000000,91
-1.377702,1.315388,0.000000,0.000000,91
-1.374768,1.321146,0.000000,0.000000,91
-1.384162,1.292406,0.000000,0.000000,91
-1.388802,1.269624,0.000000,0.000000,91
-1.398562,1.193001,0.000000,0.000000,91
-1.398263,1.167370,0.000000,0.000000,91
-1.395488,1.140397,0.000000,0.000000,91
-1.387809,1.099943,0.000000,0.000000,91
-1.379887,1.079305,0.000000,0.000000,91
-1.366318,1.055060,0.000000,0.000000,91
-1.344862,1.024067,0.000000,0.000000,91
-1.344916,1.024838,0.000000,0.000000,91
-1.344761,1.025409,0.000000,0.000000,91
-1.344332,1.025818,0.000000,0.000000,91
-1.336188,1.020772,0.000000,0.000000,91
-1.340178,1.024553,0.000000,0.000000,91
-1.330265,1.019212,0.000000,0.000000,91
-1.273141,0.985015,0.000000,0.000000,91
-1.232932,0.961282,0.000000,0.000000,91
-0.824374,0.371567,0.000000,0.000000,91
-1.081190,1.928979,0.000000,0.000000,92
-1.114456,1.812746,0.000000,0.000000,92
-1.139517,1.688205,0.000000,0.000000,92
-1.157001,1.602094,0.000000,0.000000,92
-1.179107,1.522565,0.000000,0.000000,92
-1.207734,1.440232,0.000000,0.000000,92
-1.233402,1.363609,0.000000,0.000000,92
-1.254083,1.281036,0.000000,0.000000,92
-1.263061,1.214936,0.000000,0.000000,92
-1.264155,1.168329,0.000000,0.000000,92
-1.259621,1.099788,0.000000,0.000000,92
-1.258745,1.095047,0.000000,0.000000,92
-1.258676,1.094931,0.000000,0.000000,92
-1.258686,1.095025,0.000000,0.000000,92
-1.258771,1.095336,0.000000,0.000000,92
-1.258864,1.095687,0.000000,0.000000,92
-1.264176,1.103168,0.000000,0.000000,92
-1.253743,1.090467,0.000000,0.000000,92
-1.236954,1.073002,0.000000,0.000000,92
-1.211036,1.049446,0.000000,0.000000,92
-1.164506,1.014435,0.000000,0.000000,92
-0.824374,0.371567,0.000000,0.000000,92
-1.081190,1.928979,0.000000,0.000000,93
-1.231216,1.540442,0.000000,0.000000,93
-1.289157,1.432200,0.000000,0.000000,93
-1.330882,1.373049,0.000000,0.000000,93
-1.356803,1.339455,0.000000,0.000000,93
-1.391271,1.293874,0.000000,0.000000,93
-1.385754,1.301554,0.000000,0.000000,93
-1.377702,1.315388,0.000000,0.000000,93
-1.374768,1.321146,0.000000,0.000000,93
-1.384162,1.292406,0.000000,0.000000,93
-1.388802,1.269624,0.000000,0.000000,93
-1.398562,1.193001,0.000000,0.000000,93
-1.398263,1.167370,0.000000,0.000000,93
-1.395488,1.140397,0.000000,0.000000,93
-1.387809,1.099943,0.000000,0.000000,93
-1.379887,1.079305,0.000000,0.000000,93
-1.366318,1.055060,0.000000,0.000000,93
-1.344862,1.024067,0.000000,0.000000,93
-1.344916,1.024838,0.000000,0.000000,93
-1.344761,1.025409,0.000000,0.000000,93
-1.344332,1.025818,0.000000,0.000000,93
-1.336188,1.020772,0.000000,0.000000,93
-1.340178,1.024553,0.000000,0.000000,93
-1.330265,1.019212,0.000000,0.000000,93
-1.273141,0.985015,0.000000,0.000000,93
-1.232932,0.961282,0.000000,0.000000,93
-0.824374,0.371567,0.000000,0.000000,93
-1.081190,1.928979,0.000000,0.000000,94
-1.114456,1.812746,0.000000,0.000000,94
-1.139517,1.688205,0.000000,0.000000,94
-1.157001,1.602094,0.000000,0.000000,94
-1.179107,1.522565,0.000000,0.000000,94
-1.207734,1.440232,0.000000,0.000000,94
-1.233402,1.363609,0.000000,0.000000,94
-1.254083,1.281036,0.000000,0.000000,94
-1.263061,1.214936,0.000000,0.000000,94
-1.264155,1.168329,0.000000,0.000000,94
-1.259621,1.099788,0.000000,0.000000,94
-1.258745,1.095047,0.000000,0.000000,94
-1.258676,1.094931,0.000000,0.000000,94
-1.258686,1.095025,0.000000,0.000000,94
-1.258771,1.095336,0.000000,0.000000,94
-1.258864,1.095687,0.000000,0.000000,94
-1.264176,1.103168,0.000000,0.000000,94
-1.253743,1.090467,0.000000,0.000000,94
-1.236954,1.073002,0.000000,0.000000,94
-1.211036,1.049446,0.000000,0.000000,94
-1.164506,1.014435,0.000000,0.000000,94
-0.824374,0.371567,0.000000,0.000000,94
-1.081190,1.928979,0.000000,0.000000,95
-1.231216,1.540442,0.000000,0.000000,95
-1.289157,1.432200,0.000000,0.000000,95
-1.330882,1.373049,0.000000,0.000000,95
-1.356803,1.339455,0.000000,0.000000,95
-1.391271,1.293874,0.000000,0.000000,95
-1.385754,1.301554,0.000000,0.000000,95
-1.377702,1.315388,0.000000,0.000000,95
-1.374768,1.321146,0.000000,0.000000,95
-1.384162,1.292406,0.000000,0.000000,95
-1.388802,1.269624,0.000000,0.000000,95
-1.398562,1.193001,0.000000,0.000000,95
-1.398263,1.167370,0.000000,0.000000,95
-1.395488,1.140397,0.000000,0.000000,95
-1.387809,1.099943,0.000000,0.000000,95
-1.379887,1.079305,0.000000,0.000000,95
-1.366318,1.055060,0.000000,0.000000,95
-1.344862,1.024067,0.000000,0.000000,95
-1.344916,1.024838,0.000000,0.000000,95
-1.344761,1.025409,0.000000,0.000000,95
-1.344332,1.025818,0.000000,0.000000,95
-1.336188,1.020772,0.000000,0.000000,95
-1.340178,1.024553,0.000000,0.000000,95
-1.330265,1.019212,0.000000,0.000000,95
-1.273141,0.985015,0.000000,0.000000,95
-1.232932,0.961282,0.000000,0.000000,95
-0.824374,0.371567,0.000000,0.000000,95
-1.081190,1.928979,0.000000,0.000000,112
-1.114951,1.803025,0.000000,0.000000,112
-1.130335,1.695519,0.000000,0.000000,112
-1.133921,1.595230,0.000000,0.000000,112
-1.127348,1.495883,0.000000,0.000000,112
-1.106709,1.374666,0.000000,0.000000,112
-1.075830,1.254313,0.000000,0.000000,112
-1.040219,1.135754,0.000000,0.000000,112
-1.005115,1.019154,0.000000,0.000000,112
-0.971244,0.903112,0.000000,0.000000,112
-0.938634,0.790212,0.000000,0.000000,112
-0.908564,0.684213,0.000000,0.000000,112
-0.878774,0.580101,0.000000,0.000000,112
-0.850044,0.481242,0.000000,0.000000,112
-0.824374,0.371567,0.000000,0.000000,112
-1.081190,1.928979,0.000000,0.000000,113
-1.168697,1.677107,0.000000,0.000000,113
-1.222968,1.543827,0.000000,0.000000,113
-1.273750,1.450546,0.000000,0.000000,113
-1.317653,1.384980,0.000000,0.000000,113
-1.349040,1.341227,0.000000,0.000000,113
-1.367379,1.314212,0.000000,0.000000,113
-1.368057,1.313004,0.000000,0.000000,113
-1.373205,1.301052,0.000000,0.000000,113
-1.378142,1.284233,0.000000,0.000000,113
-1.383104,1.255245,0.000000,0.000000,113
-1.384426,1.212688,0.000000,0.000000,113
-1.376649,1.150450,0.000000,0.000000,113
-1.361063,1.093724,0.000000,0.000000,113
-1.318877,0.999196,0.000000,0.000000,113
-1.272899,0.928011,0.000000,0.000000,113
-1.193948,0.833996,0.000000,0.000000,113
-1.100707,0.741880,0.000000,0.000000,113
-1.003247,0.649454,0.000000,0.000000,113
-0.926260,0.567866,0.000000,0.000000,113
-0.878305,0.503178,0.000000,0.000000,113
-0.847755,0.446476,0.000000,0.000000,113
-0.831615,0.402283,0.000000,0.000000,113
-0.824374,0.371567,0.000000,0.000000,113
-1.081190,1.928979,0.000000,0.000000,114
-1.114951,1.803025,0.000000,0.000000,114
-1.130335,1.695519,0.000000,0.000000,114
-1.133921,1.595230,0.000000,0.000000,114
-1.127348,1.495883,0.000000,0.000000,114
-1.106709,1.374666,0.000000,0.000000,114
-1.075830,1.254313,0.000000,0.000000,114
-1.040219,1.135754,0.000000,0.000000,114
-1.005115,1.019154,0.000000,0.000000,114
-0.971244,0.903112,0.000000,0.000000,114
-0.938634,0.790212,0.000000,0.000000,114
-0.908564,0.684213,0.000000,0.000000,114
-0.878774,0.580101,0.000000,0.000000,114
-0.850044,0.481242,0.000000,0.000000,114
-0.824374,0.371567,0.000000,0.000000,114
-1.081190,1.928979,0.000000,0.000000,115
-1.168697,1.677107,0.000000,0.000000,115
-1.222968,1.543827,0.000000,0.000000,115
-1.273750,1.450546,0.000000,0.000000,115
-1.317653,1.384980,0.000000,0.000000,115
-1.349040,1.341227,0.000000,0.000000,115
-1.367379,1.314212,0.000000,0.000000,115
-1.368057,1.313004,0.000000,0.000000,115
-1.373205,1.301052,0.000000,0.000000,115
-1.378142,1.284233,0.000000,0.000000,115
-1.383104,1.255245,0.000000,0.000000,115
-1.384426,1.212688,0.000000,0.000000,115
-1.376649,1.150450,0.000000,0.000000,115
-1.361063,1.093724,0.000000,0.000000,115
-1.318877,0.999196,0.000000,0.000000,115
-1.272899,0.928011,0.000000,0.000000,115
-1.193948,0.833996,0.000000,0.000000,115
-1.100707,0.741880,0.000000,0.000000,115
-1.003247,0.649454,0.000000,0.000000,115
-0.926260,0.567866,0.000000,0.000000,115
-0.878305,0.503178,0.000000,0.000000,115
-0.847755,0.446476,0.000000,0.000000,115
-0.831615,0.402283,0.000000,0.000000,115
-0.824374,0.371567,0.000000,0.000000,115
-1.081190,1.928979,0.000000,0.000000,116
-1.114677,1.785270,0.000000,0.000000,116
-1.120586,1.707239,0.000000,0.000000,116
-1.118974,1.643067,0.000000,0.000000,116
-1.112765,1.582036,0.000000,0.000000,116
-1.096856,1.481989,0.000000,0.000000,116
-1.074739,1.380178,0.000000,0.000000,116
-1.044208,1.260280,0.000000,0.000000,116
-1.021137,1.169583,0.000000,0.000000,116
-0.995868,1.068085,0.000000,0.000000,116
-0.965378,0.947438,0.000000,0.000000,116
-0.932986,0.819236,0.000000,0.000000,116
-0.903062,0.699249,0.000000,0.000000,116
-0.870865,0.569558,0.000000,0.000000,116
-0.842660,0.456546,0.000000,0.000000,116
-0.824374,0.371567,0.000000,0.000000,116
-1.081190,1.928979,0.000000,0.000000,117
-1.168697,1.677107,0.000000,0.000000,117
-1.222968,1.543827,0.000000,0.000000,117
-1.273750,1.450546,0.000000,0.000000,117
-1.317653,1.384980,0.000000,0.000000,117
-1.349040,1.341227,0.000000,0.000000,117
-1.367379,1.314212,0.000000,0.000000,117
-1.368057,1.313004,0.000000,0.000000,117
-1.373205,1.301052,0.000000,0.000000,117
-1.378142,1.284233,0.000000,0.000000,117
-1.383104,1.255245,0.000000,0.000000,117
-1.384426,1.212688,0.000000,0.000000,117
-1.376649,1.150450,0.000000,0.000000,117
-1.361063,1.093724,0.000000,0.000000,117
-1.318877,0.999196,0.000000,0.000000,117
-1.272899,0.928011,0.000000,0.000000,117
-1.193948,0.833996,0.000000,0.000000,117
-1.100707,0.741880,0.000000,0.000000,117
-1.003247,0.649454,0.000000,0.000000,117
-0.926260,0.567866,0.000000,0.000000,117
-0.878305,0.503178,0.000000,0.000000,117
-0.847755,0.446476,0.000000,0.000000,117
-0.831615,0.402283,0.000000,0.000000,117
-0.824374,0.371567,0.000000,0.000000,117
-1.081190,1.928979,0.000000,0.000000,118
-1.114677,1.785270,0.000000,0.000000,118
-1.120586,1.707239,0.000000,0.000000,118
-1.118974,1.643067,0.000000,0.000000,118
-1.112765,1.582036,0.000000,0.000000,118
-1.096856,1.481989,0.000000,0.000000,118
-1.074739,1.380178,0.000000,0.000000,118
-1.044208,1.260280,0.000000,0.000000,118
-1.021137,1.169583,0.000000,0.000000,118
-0.995868,1.068085,0.000000,0.000000,118
-0.965378,0.947438,0.000000,0.000000,118
-0.932986,0.819236,0.000000,0.000000,118
-0.903062,0.699249,0.000000,0.000000,118
-0.870865,0.569558,0.000000,0.000000,118
-0.842660,0.456546,0.000000,0.000000,118
-0.824374,0.371567,0.000000,0.000000,118
-1.081190,1.928979,0.000000,0.000000,119
-1.168697,1.677107,0.000000,0.000000,119
-1.222968,1.543827,0.000000,0.000000,119
-1.273750,1.450546,0.000000,0.000000,119
-1.317653,1.384980,0.000000,0.000000,119
-1.349040,1.341227,0.000000,0.000000,119
-1.367379,1.314212,0.000000,0.000000,119
-1.368057,1.313004,0.000000,0.000000,119
-1.373205,1.301052,0.000000,0.000000,119
-1.378142,1.284233,0.000000,0.000000,119
-1.383104,1.255245,0.000000,0.000000,119
-1.384426,1.212688,0.000000,0.000000,119
-1.376649,1.150450,0.000000,0.000000,119
-1.361063,1.093724,0.000000,0.000000,119
-1.318877,0.999196,0.000000,0.000000,119
-1.272899,0.928011,0.000000,0.000000,119
-1.193948,0.833996,0.000000,0.000000,119
-1.100707,0.741880,0.000000,0.000000,119
-1.003247,0.649454,0.000000,0.000000,119
-0.926260,0.567866,0.000000,0.000000,119
-0.878305,0.503178,0.000000,0.000000,119
-0.847755,0.446476,0.000000,0.000000,119
-0.831615,0.402283,0.000000,0.000000,119
-0.824374,0.371567,0.000000,0.000000,119
-1.081190,1.928979,0.000000,0.000000,120
-1.114951,1.803025,0.000000,0.000000,120
-1.130335,1.695519,0.000000,0.000000,120
-1.133921,1.595230,0.000000,0.000000,120
-1.127348,1.495883,0.000000,0.000000,120
-1.106709,1.374666,0.000000,0.000000,120
-1.075830,1.254313,0.000000,0.000000,120
-1.040219,1.135754,0.000000,0.000000,120
-1.005115,1.019154,0.000000,0.000000,120
-0.971244,0.903112,0.000000,0.000000,120
-0.938634,0.790212,0.000000,0.000000,120
-0.908564,0.684213,0.000000,0.000000,120
-0.878774,0.580101,0.000000,0.000000,120
-0.850044,0.481242,0.000000,0.000000,120
-0.824374,0.371567,0.000000,0.000000,120
-1.081190,1.928979,0.000000,0.000000,121
-1.168697,1.677107,0.000000,0.000000,121
-1.222968,1.543827,0.000000,0.000000,121
-1.273750,1.450546,0.000000,0.000000,121
-1.317653,1.384980,0.000000,0.000000,121
-1.349040,1.341227,0.000000,0.000000,121
-1.367379,1.314212,0.000000,0.000000,121
-1.368057,1.313004,0.000000,0.000000,121
-1.373205,1.301052,0.000000,0.000000,121
-1.378142,1.284233,0.000000,0.000000,121
-1.383104,1.255245,0.000000,0.000000,121
-1.384426,1.212688,0.000000,0.000000,121
-1.376649,1.150450,0.000000,0.000000,121
-1.361063,1.093724,0.000000,0.000000,121
-1.318877,0.999196,0.000000,0.000000,121
-1.272899,0.928011,0.000000,0.000000,121
-1.193948,0.833996,0.000000,0.000000,121
-1.100707,0.741880,0.000000,0.000000,121
-1.003247,0.649454,0.000000,0.000000,121
-0.926260,0.567866,0.000000,0.000000,121
-0.878305,0.503178,0.000000,0.000000,121
-0.847755,0.446476,0.000000,0.000000,121
-0.831615,0.402283,0.000000,0.000000,121
-0.824374,0.371567,0.000000,0.000000,121
-1.081190,1.928979,0.000000,0.000000,122
-1.114951,1.803025,0.000000,0.000000,122
-1.130335,1.695519,0.000000,0.000000,122
-1.133921,1.595230,0.000000,0.000000,122
-1.127348,1.495883,0.000000,0.000000,122
-1.106709,1.374666,0.000000,0.000000,122
-1.075830,1.254313,0.000000,0.000000,122
-1.040219,1.135754,0.000000,0.000000,122
-1.005115,1.019154,0.000000,0.000000,122
-0.971244,0.903112,0.000000,0.000000,122
-0.938634,0.790212,0.000000,0.000000,122
-0.908564,0.684213,0.000000,0.000000,122
-0.878774,0.580101,0.000000,0.000000,122
-0.850044,0.481242,0.000000,0.000000,122
-0.824374,0.371567,0.000000,0.000000,122
-1.081190,1.928979,0.000000,0.000000,123
-1.168697,1.677107,0.000000,0.000000,123
-1.222968,1.543827,0.000000,0.000000,123
-1.273750,1.450546,0.000000,0.000000,123
-1.317653,1.384980,0.000000,0.000000,123
-1.349040,1.341227,0.000000,0.000000,123
-1.367379,1.314212,0.000000,0.000000,123
-1.368057,1.313004,0.000000,0.000000,123
-1.373205,1.301052,0.000000,0.000000,123
-1.378142,1.284233,0.000000,0.000000,123
-1.383104,1.255245,0.000000,0.000000,123
-1.384426,1.212688,0.000000,0.000000,123
-1.376649,1.150450,0.000000,0.000000,123
-1.361063,1.093724,0.000000,0.000000,123
-1.318877,0.999196,0.000000,0.000000,123
-1.272899,0.928011,0.000000,0.000000,123
-1.193948,0.833996,0.000000,0.000000,123
-1.100707,0.741880,0.000000,0.000000,123
-1.003247,0.649454,0.000000,0.000000,123
-0.926260,0.567866,0.000000,0.000000,123
-0.878305,0.503178,0.000000,0.000000,123
-0.847755,0.446476,0.000000,0.000000,123
-0.831615,0.402283,0.000000,0.000000,123
-0.824374,0.371567,0.000000,0.000000,123
-1.081190,1.928979,0.000000,0.000000,124
-1.114677,1.785270,0.000000,0.000000,124
-1.120586,1.707239,0.000000,0.000000,124
-1.118974,1.643067,0.000000,0.000000,124
-1.112765,1.582036,0.000000,0.000000,124
-1.096856,1.481989,0.000000,0.000000,124
-1.074739,1.380178,0.000000,0.000000,124
-1.044208,1.260280,0.000000,0.000000,124
-1.021137,1.169583,0.000000,0.000000,124
-0.995868,1.068085,0.000000,0.000000,124
-0.965378,0.947438,0.000000,0.000000,124
-0.932986,0.819236,0.000000,0.000000,124
-0.903062,0.699249,0.000000,0.000000,124
-0.870865,0.569558,0.000000,0.000000,124
-0.842660,0.456546,0.000000,0.000000,124
-0.824374,0.371567,0.000000,0.000000,124
-1.081190,1.928979,0.000000,0.000000,125
-1.168697,1.677107,0.000000,0.000000,125
-1.222968,1.543827,0.000000,0.000000,125
-1.273750,1.450546,0.000000,0.000000,125
-1.317653,1.384980,0.000000,0.000000,125
-1.349040,1.341227,0.000000,0.000000,125
-1.367379,1.314212,0.000000,0.000000,125
-1.368057,1.313004,0.000000,0.000000,125
-1.373205,1.301052,0.000000,0.000000,125
-1.378142,1.284233,0.000000,0.000000,125
-1.383104,1.255245,0.000000,0.000000,125
-1.384426,1.212688,0.000000,0.000000,125
-1.376649,1.150450,0.000000,0.000000,125
-1.361063,1.093724,0.000000,0.000000,125
-1.318877,0.999196,0.000000,0.000000,125
-1.272899,0.928011,0.000000,0.000000,125
-1.193948,0.833996,0.000000,0.000000,125
-1.100707,0.741880,0.000000,0.000000,125
-1.003247,0.649454,0.000000,0.000000,125
-0.926260,0.567866,0.000000,0.000000,125
-0.878305,0.503178,0.000000,0.000000,125
-0.847755,0.446476,0.000000,0.000000,125
-0.831615,0.402283,0.000000,0.000000,125
-0.824374,0.371567,0.000000,0.000000,125
-1.081190,1.928979,0.000000,0.000000,126
-1.114677,1.785270,0.000000,0.000000,126
-1.120586,1.707239,0.000000,0.000000,126
-1.118974,1.643067,0.000000,0.000000,126
-1.112765,1.582036,0.000000,0.000000,126
-1.096856,1.481989,0.000000,0.000000,126
-1.074739,1.380178,0.000000,0.000000,126
-1.044208,1.260280,0.000000,0.000000,126
-1.021137,1.169583,0.000000,0.000000,126
-0.995868,1.068085,0.000000,0.000000,126
-0.965378,0.947438,0.000000,0.000000,126
-0.932986,0.819236,0.000000,0.000000,126
-0.903062,0.699249,0.000000,0.000000,126
-0.870865,0.569558,0.000000,0.000000,126
-0.842660,0.456546,0.000000,0.000000,126
-0.824374,0.371567,0.000000,0.000000,126
